{
    "MSE": {
        "train": 0.011641946571714726,
        "test": 0.01436132572318933
    },
    "RMSE": {
        "train": 0.10789785248889214,
        "test": 0.1198387488385511
    },
    "MAE": {
        "train": 0.07558258776169512,
        "test": 0.0822421488326495
    },
    "R2": {
        "train": 0.7934497605286419,
        "test": 0.7539671940130345
    }
}